{"configdoc_baseconfig_basedir.md":"c3df8c17","configdoc_createconfig_guide.md":"f28a2cfc","configdoc_createconfig_pinia_pinia.md":"9582a12c","configdoc_createconfig_router_router.md":"7ac128be","configdoc_index.md":"fc02e81e","configdoc_optionconfig_axios_axios.md":"7dcd2a8e","configdoc_optionconfig_pinia_pinia.md":"c36f9b9f","configdoc_optionconfig_scss_scss.md":"742414d7","guide_about.md":"6d9572b4","guide_history.md":"5bb39cf6","guide_index.md":"9fd87442","guide_installation.md":"3e91bd76","index.md":"99d8b1ca","more_index.md":"13fcb206"}
